rfm_segment,zone_id,tier,customers,eligible_customers,planned_customers,sum_propensity,sum_churn,active_customers,high_risk_customers,sum_clv,sum_best_value,segment_order
At risk,0,Gold,108,79,17,61.7323,41.8161,72,43,5913.9826,720.9918,5
At risk,0,Platinum,39,28,3,6.6681,18.664,22,22,2311.1797,183.265,5
At risk,0,Silver,268,172,35,182.3708,23.9815,144,3,12772.3663,1693.1344,5
At risk,1,Gold,110,74,17,63.4306,44.9752,76,44,5923.4833,757.0489,5
At risk,1,Platinum,31,23,2,5.9608,14.9834,18,18,1346.2551,172.351,5
At risk,1,Silver,293,196,48,201.9242,32.416,172,4,13239.4383,1963.3152,5
At risk,2,Gold,99,74,14,57.5807,32.9644,62,36,5389.724,705.1697,5
At risk,2,Platinum,36,23,2,7.8338,21.5891,27,26,2761.7309,172.7417,5
At risk,2,Silver,269,176,43,179.4838,27.2385,140,3,11912.5623,2045.2734,5
At risk,3,Gold,124,79,21,75.0228,39.9575,79,40,7178.2638,885.1948,5
At risk,3,Platinum,32,22,3,5.52,14.3399,17,16,1657.7201,182.1426,5
At risk,3,Silver,286,205,67,190.9364,27.3454,148,1,13694.7653,2182.8573,5
At risk,4,Gold,114,77,10,66.668,45.5576,80,48,6680.2693,772.1801,5
At risk,4,Platinum,42,30,5,10.2042,20.3215,26,22,2525.9927,243.2281,5
At risk,4,Silver,245,166,56,161.172,21.3287,115,2,11253.822,1998.2176,5
At risk,5,Gold,106,69,21,61.8068,41.6691,71,46,5648.5419,814.9645,5
At risk,5,Platinum,35,26,5,8.1462,13.575,17,16,1307.6262,206.1507,5
At risk,5,Silver,299,207,62,199.5913,30.9965,158,3,14928.0644,2269.3819,5
Champions,0,Gold,181,126,22,179.3891,1.4584,181,0,100357.255,20.0524,1
Champions,0,Platinum,554,366,183,549.2505,5.0484,554,4,693488.8124,2137.7768,1
Champions,0,Silver,1,1,0,0.9974,0.0004,1,0,448.6526,-1.6839,1
Champions,1,Gold,163,112,19,161.7379,0.9217,163,0,94665.7236,4.4523,1
Champions,1,Platinum,603,401,180,597.0296,6.206,603,4,733330.093,1673.4308,1
Champions,1,Silver,2,1,0,1.9867,0.0058,2,0,751.7025,-0.4689,1
Champions,2,Gold,150,103,14,149.2373,0.7225,150,0,90204.9731,-15.178,1
Champions,2,Platinum,581,399,203,575.0714,5.8301,581,4,732340.1265,1644.6431,1
Champions,2,Silver,2,0,0,1.9974,0.0021,2,0,1418.7412,0.3922,1
Champions,3,Gold,121,79,8,119.2267,1.7047,121,1,73756.7909,-12.9137,1
Champions,3,Platinum,612,411,204,604.3696,8.2732,612,6,802282.0929,2086.3491,1
Champions,3,Silver,1,0,0,0.9975,0.0014,1,0,851.5239,-0.4423,1
Champions,4,Gold,116,77,18,115.3514,0.5317,116,0,73891.199,41.7358,1
Champions,4,Platinum,626,427,211,619.757,7.0872,626,3,776330.109,2270.6916,1
Champions,5,Gold,103,67,16,102.1636,0.6149,103,0,65020.9649,-8.156,1
Champions,5,Platinum,609,409,222,601.3864,8.5645,609,3,739853.4687,2469.3753,1
Dormant,0,Gold,204,134,94,77.145,0.0,0,0,0.0,2038.3157,6
Dormant,0,Platinum,45,28,8,8.2044,0.0,0,0,0.0,417.5444,6
Dormant,0,Silver,460,309,283,195.7107,0.0,0,0,0.0,4797.9448,6
Dormant,1,Gold,191,131,112,71.8768,0.0,0,0,0.0,1910.213,6
Dormant,1,Platinum,61,42,21,11.9285,0.0,0,0,0.0,580.6248,6
Dormant,1,Silver,498,325,294,209.8657,0.0,0,0,0.0,5174.5968,6
Dormant,2,Gold,196,130,103,72.6579,0.0,0,0,0.0,1980.0805,6
Dormant,2,Platinum,59,42,16,11.2372,0.0,0,0,0.0,557.8034,6
Dormant,2,Silver,507,346,318,211.0246,0.0,0,0,0.0,5265.948,6
Dormant,3,Gold,195,139,105,70.9518,0.0,0,0,0.0,1933.8402,6
Dormant,3,Platinum,65,47,15,11.5216,0.0,0,0,0.0,598.2149,6
Dormant,3,Silver,453,289,264,183.6905,0.0,0,0,0.0,4731.8295,6
Dormant,4,Gold,208,143,102,78.5851,0.0,0,0,0.0,2073.8948,6
Dormant,4,Platinum,57,35,10,10.1825,0.0,0,0,0.0,514.874,6
Dormant,4,Silver,469,318,278,186.7922,0.0,0,0,0.0,4868.8669,6
Dormant,5,Gold,241,159,115,91.544,0.0,0,0,0.0,2396.6386,6
Dormant,5,Platinum,61,36,13,12.0699,0.0,0,0,0.0,570.4082,6
Dormant,5,Silver,440,318,295,179.0117,0.0,0,0,0.0,4576.5554,6
Loyal,0,Gold,922,652,55,883.4886,35.2707,922,3,276921.7848,-42.7054,2
Loyal,0,Platinum,81,57,14,75.3838,8.1282,81,6,39978.8518,52.1069,2
Loyal,0,Silver,339,232,12,308.2813,10.9002,339,0,62846.9491,225.3862,2
Loyal,1,Gold,972,663,31,927.2108,41.868,972,8,296518.2081,-140.237,2
Loyal,1,Platinum,73,47,10,68.8339,4.9913,73,4,38714.1649,39.4401,2
Loyal,1,Silver,310,212,6,278.7531,9.5282,310,0,58199.1572,242.8031,2
Loyal,2,Gold,951,652,43,905.6916,45.5791,951,7,287169.8951,-65.2082,2
Loyal,2,Platinum,95,61,17,90.6504,5.1526,95,2,50857.553,49.5088,2
Loyal,2,Silver,276,189,3,249.3706,9.1924,276,0,52693.859,211.3969,2
Loyal,3,Gold,930,631,39,887.1759,37.3795,930,9,288567.0445,-96.1319,2
Loyal,3,Platinum,117,83,15,109.2062,9.0541,117,5,59280.6153,64.121,2
Loyal,3,Silver,286,182,5,256.1836,8.7437,286,0,56368.7983,294.3333,2
Loyal,4,Gold,939,625,42,893.8427,41.653,939,7,291730.9702,-50.1191,2
Loyal,4,Platinum,127,97,22,118.7797,10.3808,127,5,62491.6642,100.8839,2
Loyal,4,Silver,233,157,8,209.4067,7.102,233,0,48295.5551,211.2738,2
Loyal,5,Gold,1037,729,76,990.3505,42.1707,1037,6,331012.0636,107.473,2
Loyal,5,Platinum,130,89,21,121.0068,8.7082,130,6,67370.9608,124.4738,2
Loyal,5,Silver,248,171,2,222.9842,8.1409,248,0,48371.3238,184.3518,2
Occasional,0,Gold,93,73,11,80.1015,12.2446,92,1,11061.6393,238.122,3
Occasional,0,Platinum,4,2,1,2.2518,1.1625,3,1,280.9495,27.7886,3
Occasional,0,Silver,892,617,63,604.9568,67.9828,674,0,59860.7917,3439.7199,3
Occasional,1,Gold,94,65,10,80.7909,10.9612,92,2,12488.4392,256.8898,3
Occasional,1,Platinum,4,3,1,2.2742,1.4941,3,1,233.2666,22.6917,3
Occasional,1,Silver,816,560,49,558.6375,61.0283,624,0,57473.366,3350.4561,3
Occasional,2,Gold,121,90,13,103.6471,13.0859,113,2,14551.1807,369.0807,3
Occasional,2,Platinum,4,2,0,2.2765,0.3548,2,0,281.8923,23.1228,3
Occasional,2,Silver,789,542,51,538.0874,63.7192,599,0,55554.4755,3497.145,3
Occasional,3,Gold,144,108,8,125.9417,16.042,141,3,19128.4678,405.5283,3
Occasional,3,Platinum,3,3,1,1.1892,1.7329,2,2,84.1239,10.0589,3
Occasional,3,Silver,782,531,46,520.6714,63.5638,579,0,56338.0863,3558.0699,3
Occasional,4,Gold,108,69,2,91.6391,13.5173,104,0,12902.6451,303.6158,3
Occasional,4,Platinum,4,4,1,2.0131,2.0534,4,2,323.3471,17.981,3
Occasional,4,Silver,776,541,62,523.8822,61.4811,581,0,56786.1766,3532.1272,3
Occasional,5,Gold,138,96,17,119.3127,14.9094,133,0,18457.9644,340.5882,3
Occasional,5,Platinum,4,3,1,1.64,1.7281,3,2,265.4358,20.6967,3
Occasional,5,Silver,787,545,65,534.2738,63.4242,595,1,58828.2377,3378.9797,3
