offer_id,offer_name,offer_type,period,inventory,offer_order,offer_color,offer_fill
rush_hour_25,Rush-hour 25% off,Rush-hour offer,Peak,9000,1,#3987e5,#3987e5
offpeak_15,Off-peak 15% off,Off-peak discount,Off-peak,9000,2,#d95926,#d95926
pct_10,10% off every trip,Percentage discount,Mixed,9000,3,#199e70,#199e70
weekend_20,Weekend 20% off,Weekend incentive,Weekend,9000,4,#c98500,#c98500
spend_10,Spend & get $10,Spend threshold reward,Mixed,9000,5,#d55181,#d55181
free_trip,Fifth trip free,Free-trip reward,Mixed,3000,6,#008300,#008300
offpeak_pass,Off-peak pass ($30 cap),Driving pass,Off-peak,9000,7,#e66767,#e66767
loyalty_500,500 bonus points,Loyalty reward,Mixed,9000,8,#9085e9,#9085e9
loyalty_1500,"1,500 bonus points",Loyalty reward,Mixed,1200,9,#9085e9,"repeating-linear-gradient(45deg,#9085e9 0 4px,#081522 4px 6px)"
