offer_id,n,trips_effect,value_effect,value_low,value_high,p_adjusted,variance_reduction,enrollment_rate
rush_hour_25,2500,0.6528,-2.7574,-4.5729,-0.942,0.0002,0.8241,0.398
offpeak_15,2500,0.5706,-0.8144,-2.5605,0.9316,1.0,0.8418,0.39
pct_10,2500,0.7845,-1.341,-3.2158,0.5338,0.4258,0.8445,0.42
weekend_20,2500,0.489,-0.6418,-2.3846,1.1009,1.0,0.847,0.408
spend_10,2500,0.6707,0.9725,-0.8475,2.7925,1.0,0.8333,0.4068
free_trip,2500,0.9621,1.0926,-0.6219,2.8071,0.695,0.8169,0.402
offpeak_pass,2500,0.2792,-8.0084,-9.9467,-6.07,0.0,0.8456,0.3976
loyalty_500,2500,0.2639,-3.9533,-5.7493,-2.1572,0.0,0.8452,0.39
loyalty_1500,2500,0.522,-12.4166,-14.2255,-10.6077,0.0,0.8346,0.4124
