zone_id,period,direction,hour,forecast_trips
0,Off-peak,Eastbound,0,29.7359
0,Off-peak,Eastbound,1,29.7359
0,Off-peak,Eastbound,2,28.0654
0,Off-peak,Eastbound,3,24.3901
0,Off-peak,Eastbound,4,30.7382
0,Off-peak,Eastbound,5,26.0607
0,Off-peak,Eastbound,6,2.0047
0,Off-peak,Eastbound,10,738.7202
0,Off-peak,Eastbound,11,753.4211
0,Off-peak,Eastbound,12,755.7598
0,Off-peak,Eastbound,13,768.122
0,Off-peak,Eastbound,14,769.7925
0,Off-peak,Eastbound,15,734.3767
0,Off-peak,Eastbound,19,767.1196
0,Off-peak,Eastbound,20,719.3417
0,Off-peak,Eastbound,21,732.7062
0,Off-peak,Eastbound,22,31.4065
0,Off-peak,Eastbound,23,29.4018
0,Off-peak,Westbound,0,3.3411
0,Off-peak,Westbound,1,3.6752
0,Off-peak,Westbound,2,6.014
0,Off-peak,Westbound,3,5.0117
0,Off-peak,Westbound,4,4.3434
0,Off-peak,Westbound,5,5.6799
0,Off-peak,Westbound,10,127.2964
0,Off-peak,Westbound,11,135.9833
0,Off-peak,Westbound,12,132.9763
0,Off-peak,Westbound,13,118.6095
0,Off-peak,Westbound,14,130.9716
0,Off-peak,Westbound,15,136.9856
0,Off-peak,Westbound,19,121.9506
0,Off-peak,Westbound,20,128.6329
0,Off-peak,Westbound,21,125.96
0,Off-peak,Westbound,22,4.0093
0,Off-peak,Westbound,23,5.0117
0,Peak,Eastbound,7,861.1073
0,Peak,Eastbound,8,858.5349
0,Peak,Eastbound,9,864.6443
0,Peak,Eastbound,16,1394.878
0,Peak,Eastbound,17,1399.0582
0,Peak,Eastbound,18,1380.7299
0,Peak,Westbound,7,356.919
0,Peak,Westbound,8,334.4106
0,Peak,Westbound,9,367.8517
0,Peak,Westbound,16,357.5621
0,Peak,Westbound,17,384.8937
0,Peak,Westbound,18,347.9156
0,Weekend,Eastbound,0,1.8082
0,Weekend,Eastbound,1,1.2054
0,Weekend,Eastbound,2,1.8082
0,Weekend,Eastbound,3,1.8082
0,Weekend,Eastbound,4,0.9041
0,Weekend,Eastbound,5,0.9041
0,Weekend,Eastbound,7,0.3014
0,Weekend,Eastbound,8,1.5068
0,Weekend,Eastbound,9,351.9908
0,Weekend,Eastbound,10,334.8131
0,Weekend,Eastbound,11,334.2104
0,Weekend,Eastbound,12,338.4295
0,Weekend,Eastbound,13,356.2098
0,Weekend,Eastbound,14,340.539
0,Weekend,Eastbound,15,344.7581
0,Weekend,Eastbound,16,345.3608
0,Weekend,Eastbound,17,336.0186
0,Weekend,Eastbound,18,327.2791
0,Weekend,Eastbound,19,328.1832
0,Weekend,Eastbound,20,342.0458
0,Weekend,Eastbound,21,0.3014
0,Weekend,Eastbound,22,0.9041
0,Weekend,Westbound,0,0.3014
0,Weekend,Westbound,1,0.3014
0,Weekend,Westbound,6,0.3014
0,Weekend,Westbound,9,58.1629
0,Weekend,Westbound,10,69.0119
0,Weekend,Westbound,11,56.656
0,Weekend,Westbound,12,53.3411
0,Weekend,Westbound,13,54.2452
0,Weekend,Westbound,14,61.4778
0,Weekend,Westbound,15,54.5465
0,Weekend,Westbound,16,51.8343
0,Weekend,Westbound,17,52.437
0,Weekend,Westbound,18,58.4642
0,Weekend,Westbound,19,56.3547
0,Weekend,Westbound,20,54.2452
1,Off-peak,Eastbound,0,21.4996
1,Off-peak,Eastbound,1,20.537
1,Off-peak,Eastbound,2,28.5592
1,Off-peak,Eastbound,3,17.9699
1,Off-peak,Eastbound,4,24.0668
1,Off-peak,Eastbound,5,21.8205
1,Off-peak,Eastbound,6,0.6418
1,Off-peak,Eastbound,10,565.4087
1,Off-peak,Eastbound,11,598.7812
1,Off-peak,Eastbound,12,605.5199
1,Off-peak,Eastbound,13,586.2665
1,Off-peak,Eastbound,14,612.9004
1,Off-peak,Eastbound,15,606.4826
1,Off-peak,Eastbound,19,584.0203
1,Off-peak,Eastbound,20,612.9004
1,Off-peak,Eastbound,21,582.7367
1,Off-peak,Eastbound,22,21.8205
1,Off-peak,Eastbound,23,22.1414
1,Off-peak,Westbound,0,8.9849
1,Off-peak,Westbound,1,8.3431
1,Off-peak,Westbound,2,10.9103
1,Off-peak,Westbound,3,5.4551
1,Off-peak,Westbound,4,6.7387
1,Off-peak,Westbound,5,11.2312
1,Off-peak,Westbound,10,244.1975
1,Off-peak,Westbound,11,265.6971
1,Off-peak,Westbound,12,245.1602
1,Off-peak,Westbound,13,247.7273
1,Off-peak,Westbound,14,236.1752
1,Off-peak,Westbound,15,241.3095
1,Off-peak,Westbound,19,238.4215
1,Off-peak,Westbound,20,246.1228
1,Off-peak,Westbound,21,235.2126
1,Off-peak,Westbound,22,6.0969
1,Off-peak,Westbound,23,8.0223
1,Peak,Eastbound,7,684.941
1,Peak,Eastbound,8,699.0127
1,Peak,Eastbound,9,712.7327
1,Peak,Eastbound,16,653.6314
1,Peak,Eastbound,17,667.3514
1,Peak,Eastbound,18,690.9215
1,Peak,Westbound,7,665.5924
1,Peak,Westbound,8,651.8725
1,Peak,Westbound,9,663.1298
1,Peak,Westbound,16,266.3073
1,Peak,Westbound,17,282.138
1,Peak,Westbound,18,283.897
1,Weekend,Eastbound,0,1.1686
1,Weekend,Eastbound,2,0.2921
1,Weekend,Eastbound,3,0.2921
1,Weekend,Eastbound,4,0.5843
1,Weekend,Eastbound,5,0.5843
1,Weekend,Eastbound,6,0.5843
1,Weekend,Eastbound,9,265.2635
1,Weekend,Eastbound,10,274.0277
1,Weekend,Eastbound,11,267.6006
1,Weekend,Eastbound,12,274.9041
1,Weekend,Eastbound,13,276.0727
1,Weekend,Eastbound,14,270.522
1,Weekend,Eastbound,15,260.005
1,Weekend,Eastbound,16,282.7919
1,Weekend,Eastbound,17,268.7692
1,Weekend,Eastbound,18,269.3535
1,Weekend,Eastbound,19,276.3648
1,Weekend,Eastbound,20,281.3312
1,Weekend,Eastbound,21,0.2921
1,Weekend,Eastbound,22,0.2921
1,Weekend,Westbound,1,0.2921
1,Weekend,Westbound,2,0.5843
1,Weekend,Westbound,3,0.2921
1,Weekend,Westbound,4,0.2921
1,Weekend,Westbound,7,0.2921
1,Weekend,Westbound,8,0.2921
1,Weekend,Westbound,9,104.5863
1,Weekend,Westbound,10,115.6876
1,Weekend,Westbound,11,110.7212
1,Weekend,Westbound,12,111.3055
1,Weekend,Westbound,13,113.3505
1,Weekend,Westbound,14,103.7099
1,Weekend,Westbound,15,100.2042
1,Weekend,Westbound,16,116.8562
1,Weekend,Westbound,17,108.092
1,Weekend,Westbound,18,111.8898
1,Weekend,Westbound,19,111.0134
1,Weekend,Westbound,20,116.2719
1,Weekend,Westbound,23,0.5843
2,Off-peak,Eastbound,0,15.5129
2,Off-peak,Eastbound,1,17.4932
2,Off-peak,Eastbound,2,16.8331
2,Off-peak,Eastbound,3,20.4638
2,Off-peak,Eastbound,4,20.4638
2,Off-peak,Eastbound,5,15.8429
2,Off-peak,Eastbound,6,0.3301
2,Off-peak,Eastbound,10,476.9377
2,Off-peak,Eastbound,11,500.0419
2,Off-peak,Eastbound,12,482.8788
2,Off-peak,Eastbound,13,498.3916
2,Off-peak,Eastbound,14,494.1008
2,Off-peak,Eastbound,15,505.3229
2,Off-peak,Eastbound,19,477.5978
2,Off-peak,Eastbound,20,512.9143
2,Off-peak,Eastbound,21,493.4407
2,Off-peak,Eastbound,22,19.4736
2,Off-peak,Eastbound,23,14.1926
2,Off-peak,Westbound,0,13.5325
2,Off-peak,Westbound,1,14.8527
2,Off-peak,Westbound,2,17.1632
2,Off-peak,Westbound,3,12.5423
2,Off-peak,Westbound,4,9.9018
2,Off-peak,Westbound,5,12.5423
2,Off-peak,Westbound,6,0.3301
2,Off-peak,Westbound,10,369.3379
2,Off-peak,Westbound,11,354.8152
2,Off-peak,Westbound,12,369.3379
2,Off-peak,Westbound,13,367.6876
2,Off-peak,Westbound,14,358.776
2,Off-peak,Westbound,15,378.2495
2,Off-peak,Westbound,19,370.3281
2,Off-peak,Westbound,20,364.387
2,Off-peak,Westbound,21,367.0275
2,Off-peak,Westbound,22,12.8724
2,Off-peak,Westbound,23,15.5129
2,Peak,Eastbound,7,606.2912
2,Peak,Eastbound,8,632.5465
2,Peak,Eastbound,9,624.9463
2,Peak,Eastbound,16,653.6199
2,Peak,Eastbound,17,613.2005
2,Peak,Eastbound,18,648.4379
2,Peak,Westbound,7,653.6199
2,Peak,Westbound,8,675.7297
2,Peak,Westbound,9,699.2213
2,Peak,Westbound,16,467.4142
2,Peak,Westbound,17,469.1416
2,Peak,Westbound,18,499.888
2,Weekend,Eastbound,0,0.2977
2,Weekend,Eastbound,1,0.2977
2,Weekend,Eastbound,2,0.2977
2,Weekend,Eastbound,4,0.5954
2,Weekend,Eastbound,5,0.2977
2,Weekend,Eastbound,7,0.8931
2,Weekend,Eastbound,8,0.8931
2,Weekend,Eastbound,9,219.1135
2,Weekend,Eastbound,10,215.2432
2,Weekend,Eastbound,11,227.747
2,Weekend,Eastbound,12,223.8768
2,Weekend,Eastbound,13,219.4112
2,Weekend,Eastbound,14,207.5028
2,Weekend,Eastbound,15,216.7318
2,Weekend,Eastbound,16,221.1974
2,Weekend,Eastbound,17,224.1745
2,Weekend,Eastbound,18,215.8387
2,Weekend,Eastbound,19,220.3043
2,Weekend,Eastbound,20,206.6097
2,Weekend,Eastbound,23,0.5954
2,Weekend,Westbound,0,0.5954
2,Weekend,Westbound,1,0.5954
2,Weekend,Westbound,2,0.2977
2,Weekend,Westbound,4,0.2977
2,Weekend,Westbound,5,0.5954
2,Weekend,Westbound,6,0.2977
2,Weekend,Westbound,7,0.2977
2,Weekend,Westbound,9,169.0984
2,Weekend,Westbound,10,162.8465
2,Weekend,Westbound,11,161.9534
2,Weekend,Westbound,12,166.1213
2,Weekend,Westbound,13,160.1672
2,Weekend,Westbound,14,165.5259
2,Weekend,Westbound,15,158.3809
2,Weekend,Westbound,16,167.6099
2,Weekend,Westbound,17,156.8924
2,Weekend,Westbound,18,170.2893
2,Weekend,Westbound,19,166.7168
2,Weekend,Westbound,20,174.1595
3,Off-peak,Eastbound,0,9.4646
3,Off-peak,Eastbound,1,11.0965
3,Off-peak,Eastbound,2,12.4019
3,Off-peak,Eastbound,3,10.4437
3,Off-peak,Eastbound,4,13.381
3,Off-peak,Eastbound,5,16.3183
3,Off-peak,Eastbound,6,0.6527
3,Off-peak,Eastbound,10,374.6688
3,Off-peak,Eastbound,11,382.5016
3,Off-peak,Eastbound,12,383.4807
3,Off-peak,Eastbound,13,371.4052
3,Off-peak,Eastbound,14,383.1544
3,Off-peak,Eastbound,15,383.8071
3,Off-peak,Eastbound,19,371.4052
3,Off-peak,Eastbound,20,387.0708
3,Off-peak,Eastbound,21,361.2878
3,Off-peak,Eastbound,22,15.6656
3,Off-peak,Eastbound,23,12.4019
3,Off-peak,Westbound,0,15.992
3,Off-peak,Westbound,1,15.6656
3,Off-peak,Westbound,2,20.5611
3,Off-peak,Westbound,3,19.582
3,Off-peak,Westbound,4,20.8875
3,Off-peak,Westbound,5,16.9711
3,Off-peak,Westbound,6,0.9791
3,Off-peak,Westbound,10,481.3907
3,Off-peak,Westbound,11,508.1528
3,Off-peak,Westbound,12,486.939
3,Off-peak,Westbound,13,495.7509
3,Off-peak,Westbound,14,475.1898
3,Off-peak,Westbound,15,485.3071
3,Off-peak,Westbound,19,500.32
3,Off-peak,Westbound,20,465.3988
3,Off-peak,Westbound,21,492.4872
3,Off-peak,Westbound,22,15.3392
3,Off-peak,Westbound,23,16.3183
3,Peak,Eastbound,7,674.3912
3,Peak,Eastbound,8,653.8602
3,Peak,Eastbound,9,666.7356
3,Peak,Eastbound,16,425.9313
3,Peak,Eastbound,17,446.8103
3,Peak,Eastbound,18,415.4918
3,Peak,Westbound,7,652.8163
3,Peak,Westbound,8,612.7982
3,Peak,Westbound,9,643.4208
3,Peak,Westbound,16,696.6622
3,Peak,Westbound,17,674.7392
3,Peak,Westbound,18,684.8307
3,Weekend,Eastbound,0,0.2985
3,Weekend,Eastbound,1,0.597
3,Weekend,Eastbound,2,0.597
3,Weekend,Eastbound,3,0.2985
3,Weekend,Eastbound,4,0.8955
3,Weekend,Eastbound,5,0.2985
3,Weekend,Eastbound,8,0.597
3,Weekend,Eastbound,9,162.079
3,Weekend,Eastbound,10,167.7502
3,Weekend,Eastbound,11,176.4064
3,Weekend,Eastbound,12,169.8397
3,Weekend,Eastbound,13,179.9882
3,Weekend,Eastbound,14,169.2427
3,Weekend,Eastbound,15,170.4366
3,Weekend,Eastbound,16,165.3623
3,Weekend,Eastbound,17,174.317
3,Weekend,Eastbound,18,161.7805
3,Weekend,Eastbound,19,167.1533
3,Weekend,Eastbound,20,170.4366
3,Weekend,Westbound,1,1.4924
3,Weekend,Westbound,2,0.2985
3,Weekend,Westbound,3,0.2985
3,Weekend,Westbound,4,0.2985
3,Weekend,Westbound,5,0.597
3,Weekend,Westbound,6,0.597
3,Weekend,Westbound,8,0.2985
3,Weekend,Westbound,9,216.4038
3,Weekend,Westbound,10,219.9856
3,Weekend,Westbound,11,221.4781
3,Weekend,Westbound,12,247.148
3,Weekend,Westbound,13,214.3144
3,Weekend,Westbound,14,222.9705
3,Weekend,Westbound,15,234.0146
3,Weekend,Westbound,16,213.1204
3,Weekend,Westbound,17,230.1342
3,Weekend,Westbound,18,226.2539
3,Weekend,Westbound,19,229.8357
3,Weekend,Westbound,20,219.6871
3,Weekend,Westbound,21,0.2985
3,Weekend,Westbound,22,0.597
3,Weekend,Westbound,23,0.8955
4,Off-peak,Eastbound,0,8.4233
4,Off-peak,Eastbound,1,7.7753
4,Off-peak,Eastbound,2,7.7753
4,Off-peak,Eastbound,3,11.015
4,Off-peak,Eastbound,4,9.7191
4,Off-peak,Eastbound,5,7.7753
4,Off-peak,Eastbound,6,0.324
4,Off-peak,Eastbound,10,245.5701
4,Off-peak,Eastbound,11,243.9503
4,Off-peak,Eastbound,12,242.6544
4,Off-peak,Eastbound,13,228.0757
4,Off-peak,Eastbound,14,237.4709
4,Off-peak,Eastbound,15,246.866
4,Off-peak,Eastbound,19,239.7387
4,Off-peak,Eastbound,20,234.5551
4,Off-peak,Eastbound,21,248.1619
4,Off-peak,Eastbound,22,7.7753
4,Off-peak,Eastbound,23,8.7472
4,Off-peak,Westbound,0,18.1424
4,Off-peak,Westbound,1,22.03
4,Off-peak,Westbound,2,21.3821
4,Off-peak,Westbound,3,17.4944
4,Off-peak,Westbound,4,20.7342
4,Off-peak,Westbound,5,23.6499
4,Off-peak,Westbound,6,1.9438
4,Off-peak,Westbound,10,591.2474
4,Off-peak,Westbound,11,618.4609
4,Off-peak,Westbound,12,580.5563
4,Off-peak,Westbound,13,577.3166
4,Off-peak,Westbound,14,565.6536
4,Off-peak,Westbound,15,584.7679
4,Off-peak,Westbound,19,598.3747
4,Off-peak,Westbound,20,568.8933
4,Off-peak,Westbound,21,604.2062
4,Off-peak,Westbound,22,20.4102
4,Off-peak,Westbound,23,21.7061
4,Peak,Eastbound,7,673.7715
4,Peak,Eastbound,8,637.39
4,Peak,Eastbound,9,661.6444
4,Peak,Eastbound,16,303.536
4,Peak,Eastbound,17,303.536
4,Peak,Eastbound,18,307.8162
4,Peak,Westbound,7,645.9504
4,Peak,Westbound,8,652.014
4,Peak,Westbound,9,652.7273
4,Peak,Westbound,16,685.8987
4,Peak,Westbound,17,665.2112
4,Peak,Westbound,18,651.6573
4,Weekend,Eastbound,6,0.2987
4,Weekend,Eastbound,7,0.2987
4,Weekend,Eastbound,8,0.2987
4,Weekend,Eastbound,9,106.918
4,Weekend,Eastbound,10,109.9045
4,Weekend,Eastbound,11,115.5789
4,Weekend,Eastbound,12,116.4749
4,Weekend,Eastbound,13,108.4112
4,Weekend,Eastbound,14,111.3978
4,Weekend,Eastbound,15,109.9045
4,Weekend,Eastbound,16,107.2166
4,Weekend,Eastbound,17,114.3843
4,Weekend,Eastbound,18,111.0991
4,Weekend,Eastbound,19,105.126
4,Weekend,Eastbound,20,103.9314
4,Weekend,Westbound,0,0.2987
4,Weekend,Westbound,2,0.2987
4,Weekend,Westbound,3,0.5973
4,Weekend,Westbound,4,0.896
4,Weekend,Westbound,5,0.5973
4,Weekend,Westbound,6,1.1946
4,Weekend,Westbound,7,0.2987
4,Weekend,Westbound,8,0.2987
4,Weekend,Westbound,9,284.6168
4,Weekend,Westbound,10,271.7747
4,Weekend,Westbound,11,258.3353
4,Weekend,Westbound,12,269.0868
4,Weekend,Westbound,13,272.6706
4,Weekend,Westbound,14,259.8285
4,Weekend,Westbound,15,270.2814
4,Weekend,Westbound,16,266.6976
4,Weekend,Westbound,17,282.5262
4,Weekend,Westbound,18,262.5164
4,Weekend,Westbound,19,258.6339
4,Weekend,Westbound,20,269.6841
4,Weekend,Westbound,21,0.5973
4,Weekend,Westbound,22,0.896
4,Weekend,Westbound,23,0.5973
5,Off-peak,Eastbound,0,7.8611
5,Off-peak,Eastbound,1,4.2581
5,Off-peak,Eastbound,2,3.9305
5,Off-peak,Eastbound,3,4.5856
5,Off-peak,Eastbound,4,5.2407
5,Off-peak,Eastbound,5,4.5856
5,Off-peak,Eastbound,6,0.6551
5,Off-peak,Eastbound,10,123.4843
5,Off-peak,Eastbound,11,128.3975
5,Off-peak,Eastbound,12,121.1915
5,Off-peak,Eastbound,13,115.6233
5,Off-peak,Eastbound,14,110.7101
5,Off-peak,Eastbound,15,104.1592
5,Off-peak,Eastbound,19,120.864
5,Off-peak,Eastbound,20,119.5538
5,Off-peak,Eastbound,21,120.2089
5,Off-peak,Eastbound,22,3.9305
5,Off-peak,Eastbound,23,3.9305
5,Off-peak,Westbound,0,35.7024
5,Off-peak,Westbound,1,32.4269
5,Off-peak,Westbound,2,36.3575
5,Off-peak,Westbound,3,33.4096
5,Off-peak,Westbound,4,36.685
5,Off-peak,Westbound,5,26.8587
5,Off-peak,Westbound,6,3.2754
5,Off-peak,Westbound,10,705.2037
5,Off-peak,Westbound,11,720.9258
5,Off-peak,Westbound,12,697.9977
5,Off-peak,Westbound,13,730.7522
5,Off-peak,Westbound,14,726.4941
5,Off-peak,Westbound,15,692.757
5,Off-peak,Westbound,19,709.1342
5,Off-peak,Westbound,20,715.3576
5,Off-peak,Westbound,21,727.1492
5,Off-peak,Westbound,22,22.9281
5,Off-peak,Westbound,23,24.5658
5,Peak,Eastbound,7,325.5066
5,Peak,Eastbound,8,324.5529
5,Peak,Eastbound,9,343.9434
5,Peak,Eastbound,16,326.4602
5,Peak,Eastbound,17,326.1423
5,Peak,Eastbound,18,329.3211
5,Peak,Westbound,7,821.3954
5,Peak,Westbound,8,812.177
5,Peak,Westbound,9,846.8256
5,Peak,Westbound,16,1334.1318
5,Peak,Westbound,17,1293.7614
5,Peak,Westbound,18,1313.1519
5,Weekend,Eastbound,0,0.8757
5,Weekend,Eastbound,1,0.5838
5,Weekend,Eastbound,2,0.8757
5,Weekend,Eastbound,3,0.8757
5,Weekend,Eastbound,4,0.2919
5,Weekend,Eastbound,7,0.2919
5,Weekend,Eastbound,9,56.0461
5,Weekend,Eastbound,10,53.7108
5,Weekend,Eastbound,11,44.0779
5,Weekend,Eastbound,12,55.7542
5,Weekend,Eastbound,13,46.1213
5,Weekend,Eastbound,14,54.2946
5,Weekend,Eastbound,15,56.0461
5,Weekend,Eastbound,16,52.2513
5,Weekend,Eastbound,17,46.1213
5,Weekend,Eastbound,18,50.7918
5,Weekend,Eastbound,19,57.7975
5,Weekend,Eastbound,20,54.2946
5,Weekend,Westbound,0,3.7948
5,Weekend,Westbound,1,4.0867
5,Weekend,Westbound,2,4.6705
5,Weekend,Westbound,3,3.211
5,Weekend,Westbound,4,5.5462
5,Weekend,Westbound,5,0.5838
5,Weekend,Westbound,6,0.5838
5,Weekend,Westbound,7,0.5838
5,Weekend,Westbound,8,1.1676
5,Weekend,Westbound,9,324.6003
5,Weekend,Westbound,10,306.2101
5,Weekend,Westbound,11,319.9298
5,Weekend,Westbound,12,304.7506
5,Weekend,Westbound,13,303.583
5,Weekend,Westbound,14,331.606
5,Weekend,Westbound,15,314.6754
5,Weekend,Westbound,16,300.6639
5,Weekend,Westbound,17,323.4326
5,Weekend,Westbound,18,321.3893
5,Weekend,Westbound,19,331.606
5,Weekend,Westbound,20,310.0049
5,Weekend,Westbound,21,0.5838
5,Weekend,Westbound,22,0.8757
5,Weekend,Westbound,23,0.5838
