month_label,month_index,trips,revenue,savings,customers,peak_trips
Jan 2024,1,154121,1222434.9023,22428.1656,19223,57395
Feb 2024,2,162379,1289656.3741,23708.3866,19629,59711
Mar 2024,3,177088,1404649.0833,25957.5756,20087,61909
Apr 2024,4,169565,1345577.7933,24505.1004,20288,62259
May 2024,5,176682,1398920.2651,25784.6101,20659,66784
Jun 2024,6,162737,1290176.3834,23442.4526,20643,56403
Jul 2024,7,158387,1257748.3413,23234.9964,20957,59185
Aug 2024,8,148662,1179275.6744,21971.0121,20979,53982
Sep 2024,9,136595,1081668.1964,19948.8302,20962,48350
Oct 2024,10,148621,1182239.9397,21526.2776,21589,55934
Nov 2024,11,153594,1220488.9527,22399.5292,21909,55390
Dec 2024,12,162769,1291002.8459,23572.7669,22179,59414
Jan 2025,13,183983,1508680.1574,27857.795,22326,69268
Feb 2025,14,166798,1368046.6304,25093.7445,21697,61593
Mar 2025,15,189435,1551437.6712,28426.7857,21599,67101
Apr 2025,16,179267,1469304.045,27115.8929,21030,67081
May 2025,17,165237,1351784.8187,24949.1482,20279,59512
Jun 2025,18,154428,1261772.9166,23155.5208,19678,55371
Jul 2025,19,143193,1174620.4938,21634.3382,19072,54073
Aug 2025,20,123613,1011674.3558,18453.0996,18179,42506
Sep 2025,21,114962,942268.7821,17325.4028,17417,42223
