zone_id,period,price_change,forecast_trips,campaign_trips,contribution_change
0,Off-peak,0.1,7763.6062,471.2585,2220.1662
0,Peak,0.1,8444.0344,360.0765,1816.1662
0,Weekend,0.1,4350.5437,401.7557,75.3041
1,Off-peak,0.1,7287.2782,485.5088,1124.941
1,Peak,0.1,6479.7914,381.1,1251.6813
1,Weekend,-0.3,6711.1566,366.418,522.0448
2,Off-peak,0.1,7402.0266,472.6212,734.7629
2,Peak,0.1,6706.4914,385.0934,891.0316
2,Weekend,-0.3,7000.5227,397.0496,1443.4502
3,Off-peak,0.1,7349.9307,435.214,259.4453
3,Peak,0.1,6646.84,260.8974,437.8563
3,Weekend,-0.3,7562.2517,213.2932,2804.7674
4,Off-peak,-0.3,11098.943,416.4762,440.4684
4,Peak,-0.1,7631.9029,146.2697,181.2105
4,Weekend,-0.3,7476.134,124.6324,3942.3399
5,Off-peak,-0.3,11622.3945,634.0716,2533.004
5,Peak,-0.2,10816.1031,379.9242,1407.4633
5,Weekend,-0.2,6162.8036,375.9369,3436.1497
